id,code,priority
1,Code01,9223372036854775807
2,Code01,9223372036854775807
3,Code05,9223372036854775807
4,Code03,9223372036854775807
5,Code05,9223372036854775807
6,Code01,9223372036854775807
7,Code01,9223372036854775807
8,Code02,9223372036854775807
9,Code01,9223372036854775807
10,Code02,9223372036854775807
11,Code01,9223372036854775807
12,Code01,9223372036854775807
13,Code01,9223372036854775807
14,Code01,9223372036854775807
15,Code02,9223372036854775807
16,Code09,9223372036854775807
17,Code02,9223372036854775807
18,Code02,9223372036854775807
19,Code01,9223372036854775807
20,Code02,9223372036854775807
21,Code06,9223372036854775807
22,Code04,9223372036854775807
23,Code01,9223372036854775807
24,Code02,9223372036854775807
25,Code03,9223372036854775807
26,Code02,9223372036854775807
27,Code01,9223372036854775807
28,Code02,9223372036854775807
29,Code01,9223372036854775807
30,Code01,9223372036854775807
31,Code03,9223372036854775807
32,Code01,9223372036854775807
33,Code03,9223372036854775807
34,Code03,9223372036854775807
35,Code01,9223372036854775807
36,Code01,9223372036854775807
37,Code02,9223372036854775807
38,Code01,9223372036854775807
39,Code02,9223372036854775807
40,Code02,9223372036854775807
41,Code02,9223372036854775807
42,Code03,9223372036854775807
43,Code06,9223372036854775807
44,Code02,9223372036854775807
45,Code01,9223372036854775807
46,Code02,9223372036854775807
47,Code03,9223372036854775807
48,Code02,9223372036854775807
49,Code02,9223372036854775807
50,Code07,9223372036854775807
51,Code03,9223372036854775807
52,Code02,9223372036854775807
53,Code03,9223372036854775807
54,Code02,9223372036854775807
55,Code01,9223372036854775807
56,Code02,9223372036854775807
57,Code05,9223372036854775807
58,Code02,9223372036854775807
59,Code05,9223372036854775807
60,Code04,9223372036854775807
61,Code01,9223372036854775807
62,Code03,9223372036854775807
63,Code01,9223372036854775807
64,Code06,9223372036854775807
65,Code01,9223372036854775807
66,Code04,9223372036854775807
67,Code02,9223372036854775807
68,Code02,9223372036854775807
69,Code10,9223372036854775807
70,Code02,9223372036854775807
71,Code08,9223372036854775807
72,Code03,9223372036854775807
73,Code05,9223372036854775807
74,Code01,9223372036854775807
75,Code01,9223372036854775807
76,Code01,9223372036854775807
77,Code10,9223372036854775807
78,Code02,9223372036854775807
79,Code01,9223372036854775807
80,Code04,9223372036854775807
81,Code01,9223372036854775807
82,Code01,9223372036854775807
83,Code05,9223372036854775807
84,Code02,9223372036854775807
85,Code09,9223372036854775807
86,Code01,9223372036854775807
87,Code02,9223372036854775807
88,Code01,9223372036854775807
89,Code02,9223372036854775807
90,Code02,9223372036854775807
91,Code02,9223372036854775807
92,Code03,9223372036854775807
93,Code01,9223372036854775807
94,Code08,9223372036854775807
95,Code05,9223372036854775807
96,Code10,9223372036854775807
97,Code03,9223372036854775807
98,Code05,9223372036854775807
99,Code02,9223372036854775807
100,Code02,9223372036854775807
101,Code05,9223372036854775807
102,Code02,9223372036854775807
103,Code04,9223372036854775807
104,Code04,9223372036854775807
105,Code06,9223372036854775807
106,Code01,9223372036854775807
107,Code02,9223372036854775807
108,Code01,9223372036854775807
109,Code01,9223372036854775807
110,Code01,9223372036854775807
111,Code02,9223372036854775807
112,Code05,9223372036854775807
113,Code10,9223372036854775807
114,Code02,9223372036854775807
115,Code01,9223372036854775807
116,Code01,9223372036854775807
117,Code07,9223372036854775807
118,Code01,9223372036854775807
119,Code01,9223372036854775807
120,Code02,9223372036854775807
121,Code02,9223372036854775807
122,Code02,9223372036854775807
123,Code01,9223372036854775807
124,Code01,9223372036854775807
125,Code02,9223372036854775807
126,Code01,9223372036854775807
127,Code02,9223372036854775807
128,Code03,9223372036854775807
129,Code01,9223372036854775807
130,Code01,9223372036854775807
131,Code02,9223372036854775807
132,Code02,9223372036854775807
133,Code01,9223372036854775807
134,Code01,9223372036854775807
135,Code02,9223372036854775807
136,Code08,9223372036854775807
137,Code02,9223372036854775807
138,Code02,9223372036854775807
139,Code03,9223372036854775807
140,Code03,9223372036854775807
141,Code01,9223372036854775807
142,Code02,9223372036854775807
143,Code04,9223372036854775807
144,Code01,9223372036854775807
145,Code02,9223372036854775807
146,Code03,9223372036854775807
147,Code03,9223372036854775807
148,Code01,9223372036854775807
149,Code01,9223372036854775807
150,Code01,9223372036854775807
151,Code03,9223372036854775807
152,Code07,9223372036854775807
153,Code02,9223372036854775807
154,Code01,9223372036854775807
155,Code01,9223372036854775807
156,Code02,9223372036854775807
157,Code10,9223372036854775807
158,Code02,9223372036854775807
159,Code02,9223372036854775807
160,Code08,9223372036854775807
161,Code02,9223372036854775807
162,Code03,9223372036854775807
163,Code02,9223372036854775807
164,Code02,9223372036854775807
165,Code01,9223372036854775807
166,Code01,9223372036854775807
167,Code04,9223372036854775807
168,Code01,9223372036854775807
169,Code02,9223372036854775807
170,Code02,9223372036854775807
171,Code02,9223372036854775807
172,Code04,9223372036854775807
173,Code02,9223372036854775807
174,Code02,9223372036854775807
175,Code01,9223372036854775807
176,Code02,9223372036854775807
177,Code08,9223372036854775807
178,Code03,9223372036854775807
179,Code02,9223372036854775807
180,Code01,9223372036854775807
181,Code09,9223372036854775807
182,Code02,9223372036854775807
183,Code02,9223372036854775807
184,Code01,9223372036854775807
185,Code02,9223372036854775807
186,Code04,9223372036854775807
187,Code02,9223372036854775807
188,Code02,9223372036854775807
189,Code03,9223372036854775807
190,Code03,9223372036854775807
191,Code04,9223372036854775807
192,Code02,9223372036854775807
193,Code01,9223372036854775807
194,Code01,9223372036854775807
195,Code02,9223372036854775807
196,Code03,9223372036854775807
197,Code02,9223372036854775807
198,Code02,9223372036854775807
199,Code04,9223372036854775807
200,Code02,9223372036854775807
